City_ID,City,Lat,Lng,Max Temp,Humidity,Cloudiness,Wind Speed,Country,Date
0,saudarkrokur,65.7461,-19.6394,12.7,70,90,3.7,IS,1722810134
1,gongchangling,41.1167,123.45,23.98,98,98,2.28,CN,1722810134
2,taroa,8.7058,171.2275,28.44,78,92,6.19,MH,1722810134
3,constantia,44.1833,28.65,19.38,65,14,6.23,RO,1722810135
4,anadyr,64.75,177.4833,5.28,100,100,8.0,RU,1722810135
5,college,64.8569,-147.8028,23.58,54,75,1.54,US,1722810135
6,blackmans bay,-43.0167,147.3167,9.29,76,84,0.89,AU,1722810135
7,shubarshi,48.5872,57.1869,22.79,37,80,1.54,KZ,1722810135
8,sao vicente,-23.9631,-46.3919,30.71,63,58,0.42,BR,1722810135
9,grytviken,-54.2811,-36.5092,-1.78,96,99,3.12,GS,1722810136
10,susuman,62.7833,148.1667,14.25,45,14,1.04,RU,1722810136
11,hermanus,-34.4187,19.2345,10.44,63,82,6.85,ZA,1722809947
12,farafangana,-22.8167,47.8333,18.46,89,5,2.72,MG,1722810136
13,baotou,40.6522,109.8222,20.9,57,1,1.52,CN,1722810136
14,invercargill,-46.4,168.35,7.79,84,67,2.68,NZ,1722810136
15,hithadhoo,-0.6,73.0833,28.55,75,100,5.27,MV,1722810136
16,afaahiti,-17.75,-149.2833,25.93,72,60,5.49,PF,1722810137
17,waitangi,-43.9535,-176.5597,9.34,72,100,2.24,NZ,1722810137
18,kiunga,-6.1219,141.2906,22.27,97,100,1.53,PG,1722810137
19,lys'va,58.1086,57.8053,13.28,98,27,1.73,RU,1722810137
20,klyuchi,52.2667,79.1667,17.28,81,87,0.21,RU,1722810137
21,laguna,38.421,-121.4238,39.74,27,0,4.63,US,1722810137
22,ribeira grande,38.5167,-28.7,24.87,94,12,2.24,PT,1722810138
23,adamstown,-25.066,-130.1015,21.29,79,96,7.58,PN,1722810138
24,south hedland,-20.4089,118.5983,12.96,82,0,3.09,AU,1722810138
25,dunedin,-45.8742,170.5036,10.45,64,81,2.67,NZ,1722810138
26,codrington,-38.2667,141.9667,4.81,77,100,3.16,AU,1722810138
27,kalabo,-14.97,22.6814,17.66,23,3,1.31,ZM,1722810138
28,bandar abbas,27.1865,56.2808,32.99,79,40,5.14,IR,1722810138
29,kill devil hills,36.0307,-75.676,26.66,87,0,7.2,US,1722810139
30,princeville,45.7668,-61.2985,25.42,89,100,4.63,CA,1722810139
31,port-aux-francais,-49.35,70.2167,1.82,65,21,8.44,TF,1722810139
32,ulladulla,-35.35,150.4667,11.15,70,100,1.49,AU,1722810139
33,tabriz,38.08,46.2919,24.7,41,20,9.77,IR,1722809772
34,vadso,70.0744,29.7487,11.49,93,100,6.69,NO,1722810139
35,yellowknife,62.456,-114.3525,22.45,59,75,2.68,CA,1722810139
36,pandan,14.0453,124.1694,26.8,86,81,2.26,PH,1722810140
37,gold camp,33.2937,-111.3043,44.84,22,12,7.09,US,1722810140
38,al kharijah,25.4514,30.5464,32.33,19,48,3.13,EG,1722810140
39,igarka,67.4667,86.5833,6.78,76,2,6.14,RU,1722810140
40,bom sucesso,-21.0331,-44.7581,20.69,60,98,0.6,BR,1722810140
41,nabire,-3.3667,135.4833,23.76,92,100,0.91,ID,1722810140
42,naze,28.3667,129.4833,29.51,78,21,5.81,JP,1722810141
43,margaret river,-33.95,115.0667,15.77,68,82,6.27,AU,1722810141
44,puerto santa,-8.9906,-78.6456,17.85,80,9,4.95,PE,1722810141
45,badger,64.8,-147.5333,23.53,54,0,1.54,US,1722809843
46,albany,42.6001,-73.9662,28.94,72,50,0.45,US,1722809873
47,kenai,60.5544,-151.2583,19.45,63,75,4.12,US,1722810141
48,sampit,-2.5333,112.95,21.17,96,11,0.91,ID,1722810141
49,chibougamau,49.9168,-74.3659,16.79,88,100,2.06,CA,1722810142
50,maihar,24.2667,80.75,23.75,93,65,3.37,IN,1722810142
51,san patricio,28.017,-97.5169,34.4,42,4,6.46,US,1722810142
52,avarua,-21.2078,-159.775,25.03,65,3,3.6,CK,1722810142
53,ilulissat,69.2167,-51.1,6.01,93,21,1.54,GL,1722810142
54,abepura,-2.6333,140.5833,25.45,94,20,2.57,ID,1722810142
55,tromso,69.6496,18.957,16.01,72,0,1.54,NO,1722810142
56,iskateley,67.6803,53.1512,6.76,77,99,6.63,RU,1722810073
57,cabo san lucas,22.8909,-109.9124,33.61,51,0,2.06,MX,1722810143
58,punta arenas,-53.15,-70.9167,0.06,100,100,1.03,CL,1722810143
59,bel ombre,-4.6167,55.4167,25.47,85,83,5.44,SC,1722810143
60,okhotsk,59.3833,143.3,15.04,72,69,1.78,RU,1722810143
61,zhanaozen,43.3,52.8,28.36,34,59,6.93,KZ,1722810143
62,la ronge,55.1001,-105.2842,21.14,30,100,1.54,CA,1722810144
63,ciudad lazaro cardenas,17.9583,-102.2,30.05,66,69,4.1,MX,1722810144
64,lihue,21.9789,-159.3672,29.77,57,20,6.69,US,1722810144
65,nova sintra,14.8667,-24.7167,26.77,77,100,2.16,CV,1722810144
66,puerto natales,-51.7236,-72.4875,1.25,93,100,1.54,CL,1722810144
67,aasiaat,68.7098,-52.8699,4.53,86,34,2.48,GL,1722810144
68,eastham,41.8301,-69.9739,26.64,89,100,5.14,US,1722810145
69,olonkinbyen,70.9221,-8.7187,6.95,97,100,3.63,SJ,1722810145
70,ancud,-41.8697,-73.8203,7.72,93,100,5.22,CL,1722810145
71,tura,25.5198,90.2201,23.79,98,100,2.01,IN,1722810145
72,kodinsk,58.6881,99.1844,11.86,86,6,0.24,RU,1722810146
73,port blair,11.6667,92.75,26.02,89,75,0.51,IN,1722810146
74,nguigmi,14.2495,13.1092,29.66,54,100,7.2,NE,1722810146
75,port mathurin,-19.6833,63.4167,21.99,74,14,6.09,MU,1722810146
76,namtsy,62.7161,129.6658,15.06,53,98,3.57,RU,1722810146
77,moussoro,13.6408,16.4901,23.97,87,100,5.46,TD,1722810146
78,santa elena de uairen,4.6167,-61.1333,21.01,89,98,2.15,VE,1722810146
79,luderitz,-26.6481,15.1594,12.88,86,62,5.19,NA,1722809881
80,cosquin,-31.2451,-64.4656,15.69,40,22,2.24,AR,1722810147
81,kodiak,57.79,-152.4072,11.73,100,100,4.12,US,1722810147
82,teknaf,20.8624,92.3058,26.24,90,100,1.83,BD,1722810147
83,verkhniy baskunchak,48.2256,46.7217,26.23,29,4,4.22,RU,1722810147
84,bilibino,68.0546,166.4372,9.2,56,70,1.65,RU,1722810147
85,rouyn-noranda,48.2398,-79.0288,20.05,45,40,5.14,CA,1722810147
86,puerto aysen,-45.4,-72.7,4.02,100,100,0.51,CL,1722810037
87,bethel,41.3712,-73.414,24.38,88,75,1.54,US,1722810050
88,hawaiian paradise park,19.5933,-154.9731,27.71,76,100,1.79,US,1722810148
89,palmer,42.1584,-72.3287,24.34,77,75,2.57,US,1722810148
90,taltal,-25.4,-70.4833,15.36,76,22,2.08,CL,1722810148
91,pemba,-12.974,40.5178,24.39,94,0,3.09,MZ,1722810148
92,naha,26.2125,127.6811,30.16,84,75,7.2,JP,1722810148
93,stanley,54.868,-1.6985,14.84,93,40,3.09,GB,1722810148
94,jamestown,42.097,-79.2353,28.03,48,0,3.09,US,1722810149
95,bontang,0.1333,117.5,25.0,87,100,3.03,ID,1722810149
96,armacao de buzios,-22.7469,-41.8817,24.03,83,0,10.59,BR,1722810149
97,masterton,-40.9597,175.6575,8.82,83,35,1.04,NZ,1722810149
98,wailua homesteads,22.0669,-159.378,29.44,64,20,6.69,US,1722810149
99,yuzhno-kurilsk,44.0306,145.8556,16.54,99,100,2.21,RU,1722809860
100,portland,45.5234,-122.6762,33.88,29,20,3.09,US,1722809361
101,tejen,37.3834,60.5054,30.03,21,6,3.29,TM,1722810150
102,olinda,-8.0089,-34.8553,23.85,83,40,7.2,BR,1722810150
103,berber,18.0216,33.983,32.54,44,36,4.87,SD,1722810150
104,bodaybo,57.8506,114.1933,15.73,91,54,0.53,RU,1722810150
105,swift current,50.2834,-107.8014,25.45,47,0,6.17,CA,1722810150
106,ta`u,-14.2336,-169.5144,26.68,66,100,2.16,AS,1722810150
107,qiziltepa,40.0331,64.85,23.75,21,0,6.29,UZ,1722810151
108,egilsstadir,65.2653,-14.3948,10.95,82,75,2.06,IS,1722810151
109,solcava,46.4194,14.6936,16.8,93,77,0.49,SI,1722810151
110,kerikeri,-35.2268,173.9474,13.84,84,100,2.68,NZ,1722810151
111,korla,41.7597,86.1469,28.62,30,37,1.73,CN,1722810151
112,chippewa falls,44.9369,-91.3929,28.1,71,100,3.09,US,1722810151
113,port augusta,-32.5,137.7667,10.71,81,100,1.76,AU,1722810152
114,itanhaem,-24.1831,-46.7889,20.97,77,64,2.01,BR,1722810105
115,bloomfield,40.8068,-74.1854,26.35,86,0,3.6,US,1722809889
116,tortoli,39.9256,9.6572,27.86,89,0,4.12,IT,1722810152
117,el granada,37.5027,-122.4694,26.82,69,20,10.8,US,1722810152
118,thompson,55.7435,-97.8558,22.09,28,75,4.63,CA,1722810152
119,muncar,-8.4333,114.3333,22.1,88,68,0.75,ID,1722810153
120,edinburgh of the seven seas,-37.0676,-12.3116,13.42,80,51,13.09,SH,1722810153
121,damghan,36.1683,54.348,26.91,39,0,0.17,IR,1722810153
122,longyearbyen,78.2186,15.6401,9.91,87,0,4.63,SJ,1722810153
123,gucheng chengguanzhen,32.266,111.6348,24.82,91,40,0.63,CN,1722810153
124,puerto ayora,-0.7393,-90.3518,25.98,90,79,2.68,EC,1722810153
125,laojunmiao,39.8333,97.7333,21.99,22,43,2.61,CN,1722810153
126,khandyga,62.6667,135.6,15.34,56,72,2.17,RU,1722810154
127,bubaque,11.2833,-15.8333,25.95,85,100,4.12,GW,1722810154
128,pokhara,28.2333,83.9833,21.58,95,96,0.94,NP,1722810154
129,kariong,-33.44,151.3011,10.01,94,100,0.49,AU,1722810154
130,barra de santo antonio,-9.4047,-35.5072,22.6,78,16,6.55,BR,1722810154
131,patrocinio,-18.9439,-46.9925,19.88,60,100,1.34,BR,1722810154
132,dhidhdhoo,6.8833,73.1,27.99,74,100,3.81,MV,1722810155
133,bairnsdale,-37.8333,147.6167,7.68,68,100,1.24,AU,1722810064
134,lompoc,34.6391,-120.4579,28.1,51,0,5.23,US,1722810155
135,alpena,45.0617,-83.4327,23.95,85,74,1.34,US,1722810155
136,bredasdorp,-34.5322,20.0403,6.95,70,30,3.68,ZA,1722810155
137,cidreira,-30.1811,-50.2056,16.53,98,100,3.79,BR,1722809964
138,jutai,-5.1833,-68.9,29.78,59,59,0.79,BR,1722810155
139,kone,-21.0595,164.8658,21.47,51,29,2.61,NC,1722810156
140,kulhudhuffushi,6.6221,73.07,27.56,76,99,3.31,MV,1722810156
141,urucara,-2.5364,-57.76,30.85,35,18,1.46,BR,1722810156
142,geraldton,-28.7667,114.6,7.23,93,0,5.66,AU,1722810156
143,valle vista,33.7478,-116.8934,42.61,17,13,0.89,US,1722810156
144,srivardhan,18.0333,73.0167,26.24,90,100,6.38,IN,1722810156
145,oroqen zizhiqi,50.5667,123.7167,19.35,98,100,1.2,CN,1722810157
146,yaren,-0.5472,166.916,28.9,75,100,6.04,NR,1722810157
147,kismayo,-0.3582,42.5454,24.3,73,19,7.77,SO,1722810157
148,pisco,-13.7,-76.2167,18.03,77,0,3.6,PE,1722810157
149,tiksi,71.6872,128.8694,11.62,60,100,2.95,RU,1722810157
150,aquin,18.2833,-73.4,28.53,75,87,2.25,HT,1722810157
151,buka,40.8108,69.1986,22.47,25,84,3.57,UZ,1722810157
152,yokadouma,3.5167,15.05,20.4,98,87,0.37,CM,1722810158
153,hamilton,39.1834,-84.5333,33.67,51,0,3.09,US,1722809729
154,atafu village,-8.5421,-172.5159,27.72,80,79,5.83,TK,1722810158
155,enewetak,11.3474,162.3373,28.81,76,81,4.2,MH,1722810158
156,tralee,52.2704,-9.7026,17.47,97,91,3.2,IE,1722810068
157,noshiro,40.2039,140.0242,24.86,88,69,1.67,JP,1722810158
158,keflavik,64.0049,-22.5624,12.95,76,100,5.66,IS,1722810159
159,toamasina,-18.1667,49.3833,18.0,94,20,1.03,MG,1722810159
160,nyurba,63.2842,118.3319,14.02,66,6,2.12,RU,1722810159
161,dumai,1.6833,101.45,22.63,98,100,0.86,ID,1722810159
162,mili,6.0815,171.735,28.89,75,47,6.14,MH,1722810159
163,sinor,21.9167,73.3333,25.7,94,100,4.66,IN,1722810159
164,seorinarayan,21.7333,82.5833,24.84,91,27,2.55,IN,1722810160
165,talara,-4.5772,-81.2719,23.42,73,0,9.11,PE,1722810160
166,prince rupert,54.3161,-130.3201,17.05,85,0,5.14,CA,1722810100
167,udachny,66.4167,112.4,16.85,53,54,3.6,RU,1722810160
168,turan,16.0678,108.2208,24.99,88,0,1.54,VN,1722810160
169,katsuura,35.1333,140.3,25.69,85,18,1.4,JP,1722810160
170,mount gambier,-37.8333,140.7667,4.06,77,99,1.61,AU,1722810160
171,port alfred,-33.5906,26.891,10.66,69,60,2.68,ZA,1722810161
172,arish,31.1316,33.7984,25.1,65,0,0.0,EG,1722810161
173,alice springs,-23.7,133.8833,7.75,100,100,2.57,AU,1722810161
174,new norfolk,-42.7826,147.0587,9.95,87,96,1.52,AU,1722810161
175,lazaro cardenas,17.9583,-102.2,30.05,66,69,4.1,MX,1722810144
176,papatowai,-46.5619,169.4708,7.69,88,58,2.97,NZ,1722810161
177,undurkhaan,47.3194,110.6556,16.06,68,12,2.13,MN,1722810161
178,necochea,-38.5473,-58.7368,10.94,50,72,3.57,AR,1722809594
179,puerto baquerizo moreno,-0.9,-89.6,23.55,83,40,4.12,EC,1722810162
180,ushuaia,-54.8,-68.3,-0.19,59,75,3.09,AR,1722810162
181,katsuren-haebaru,26.3369,127.8719,30.22,84,40,3.09,JP,1722810162
182,west island,-12.1568,96.8225,23.99,94,100,5.66,CC,1722810162
183,merizo village,13.2658,144.6691,26.85,90,97,5.61,GU,1722810162
184,mutuali,-14.8706,37.0044,17.85,37,61,1.39,MZ,1722810163
185,hirara,24.8,125.2833,29.15,84,20,4.12,JP,1722810163
186,ngaoundere,7.3167,13.5833,17.56,87,100,0.61,CM,1722810163
187,iqaluit,63.7506,-68.5145,9.85,76,100,6.17,CA,1722810163
188,talnakh,69.4865,88.3972,9.01,65,0,5.09,RU,1722810163
189,burela de cabo,43.65,-7.4,20.1,93,5,1.71,ES,1722810163
190,nemuro,43.3236,145.575,15.26,100,100,3.78,JP,1722810163
191,moroto,2.5345,34.6666,19.38,84,82,1.36,UG,1722810164
192,alcantara,-2.4089,-44.4147,27.11,80,4,3.8,BR,1722810164
193,sao joao da barra,-21.6403,-41.0511,22.05,84,0,7.11,BR,1722810164
194,bodo,67.28,14.405,20.02,65,0,4.63,NO,1722810164
195,shambu,9.5667,37.1,11.2,95,97,0.5,ET,1722810164
196,alzamay,55.5562,98.6644,10.83,94,4,1.01,RU,1722810164
197,aripuana,-9.1667,-60.6333,29.94,34,0,0.98,BR,1722810164
198,baijiantan,45.6333,85.1833,30.04,28,0,4.4,CN,1722810165
199,nuku'alofa,-21.1333,-175.2,21.19,94,100,3.6,TO,1722809988
200,dakhla,23.6848,-15.958,20.72,94,49,2.72,EH,1722810165
201,baruun-urt,46.6806,113.2792,15.43,75,1,2.13,MN,1722809897
202,carnarvon,-24.8667,113.6333,15.67,57,0,5.15,AU,1722810165
203,tolanaro,-25.0319,46.9987,21.04,78,20,7.2,MG,1722810165
204,punakha,27.5837,89.8598,21.76,99,100,0.32,BT,1722810165
205,ataq,14.5377,46.8319,25.21,68,31,3.79,YE,1722810166
206,dawson creek,55.7666,-120.2362,13.8,72,100,6.69,CA,1722810166
207,kayes,14.0,-11.0,24.46,87,79,4.0,ML,1722810166
208,argo,37.6333,22.7333,26.55,53,3,1.15,GR,1722810166
209,fort mcmurray,56.7268,-111.381,24.77,31,0,3.09,CA,1722810166
210,betioky,-23.7167,44.3833,16.06,70,0,1.59,MG,1722810166
211,vorgashor,67.5833,63.95,7.42,67,100,5.88,RU,1722810166
212,bertoua,4.5833,13.6833,20.69,96,100,1.51,CM,1722810167
213,saint george's,12.0564,-61.7485,28.82,79,20,1.03,GD,1722810167
214,gadzhiyevo,69.2551,33.3362,7.78,90,3,1.39,RU,1722810167
215,suva,-18.1416,178.4415,22.71,78,75,4.12,FJ,1722810167
216,klaksvik,62.2266,-6.589,12.51,96,100,15.37,FO,1722810167
217,constitucion,-35.3333,-72.4167,11.37,77,100,6.54,CL,1722810167
218,pajara,28.3504,-14.1076,21.73,78,3,4.56,ES,1722810167
219,massawa,15.6097,39.45,33.62,55,100,1.58,ER,1722810168
220,betio village,1.358,172.9211,30.02,69,42,6.02,KI,1722810168
221,caorle,45.5966,12.8758,24.45,69,95,4.56,IT,1722810168
222,howrah,22.5892,88.3103,29.0,94,75,2.57,IN,1722810168
223,rikaze,29.25,88.8833,13.24,68,93,0.9,CN,1722810168
224,saipan,15.1355,145.701,27.39,89,20,4.12,MP,1722810041
225,coquimbo,-29.9533,-71.3436,13.32,67,75,2.57,CL,1722810045
226,craig,40.5153,-107.5464,28.79,21,92,5.32,US,1722810169
227,colonia,50.9333,6.95,18.23,82,100,0.41,DE,1722810169
228,las tablas,7.7667,-80.2833,27.32,99,88,2.08,PA,1722810169
229,ghat,24.9647,10.1728,33.28,12,0,1.97,LY,1722810169
230,whitehorse,60.7161,-135.0538,22.83,30,20,1.54,CA,1722810169
231,flying fish cove,-10.4217,105.6791,22.82,94,100,2.57,CX,1722810169
232,cabedelo,-6.9811,-34.8339,24.37,85,15,6.24,BR,1722810170
233,shevchenko,48.5,35.0,17.2,88,67,3.26,UA,1722810170
234,trairi,-3.2778,-39.2689,25.18,81,2,5.64,BR,1722810170
235,cadale,2.7603,46.3222,24.76,76,65,9.0,SO,1722810170
236,salalah,17.0151,54.0924,25.05,94,100,1.54,OM,1722810170
237,petropavlovsk-kamchatsky,53.0452,158.6483,15.33,72,20,2.0,RU,1722810170
238,justo daract,-33.8594,-65.1828,17.07,34,42,9.77,AR,1722810170
239,isafjordur,66.0755,-23.124,7.33,91,59,5.47,IS,1722810171
240,kapa'a,22.0752,-159.319,30.18,61,20,6.69,US,1722810171
241,tanjung selor,2.8372,117.3642,23.34,98,96,0.93,ID,1722810171
242,nadym,65.5333,72.5167,13.97,69,100,7.59,RU,1722810171
243,beloyarskiy,63.7119,66.6722,14.59,98,80,1.3,RU,1722810171
244,kolonia town,6.964,158.206,31.0,100,40,2.57,FM,1722810171
245,rucar,45.4,25.1667,16.36,94,3,2.07,RO,1722810172
246,kapuskasing,49.4169,-82.4331,22.05,49,75,4.63,CA,1722810172
247,borodino,55.9106,94.8983,13.09,78,63,1.03,RU,1722810172
248,haiku-pauwela,20.9219,-156.3051,29.54,62,20,9.26,US,1722810172
249,torghay,49.6339,63.4981,21.27,46,1,2.75,KZ,1722810172
250,bamboo flat,11.7,92.7167,26.05,89,75,0.51,IN,1722810173
251,mount isa,-20.7333,139.5,14.87,77,75,0.0,AU,1722810173
252,togur,58.3631,82.8265,15.69,98,97,1.8,RU,1722810173
253,san antonio de pale,-1.4014,5.6325,22.07,74,100,3.71,GQ,1722810173
254,crucecita,-28.95,-58.9833,14.39,93,100,4.22,AR,1722810173
255,nar'yan-mar,67.6713,53.087,6.79,77,99,6.64,RU,1722810173
256,sumbawa besar,-8.5,117.4333,18.71,95,5,2.22,ID,1722810173
257,port elizabeth,-33.918,25.5701,11.29,62,0,8.23,ZA,1722810174
258,mersa matruh,31.3525,27.2453,27.11,78,0,4.12,EG,1722810174
259,praia,14.9215,-23.5087,27.3,78,20,2.57,CV,1722810174
260,viqueque,-8.8673,126.3658,21.93,91,64,1.81,TL,1722810174
261,cill airne,52.05,-9.5167,17.2,99,98,3.12,IE,1722810174
262,kudahuvadhoo,2.6708,72.8944,28.23,74,100,3.46,MV,1722810174
263,cedral,23.8,-100.7333,28.31,25,2,3.26,MX,1722810174
264,vilyuchinsk,52.9306,158.4028,16.15,72,37,0.61,RU,1722810175
265,gonabad,34.3529,58.6837,27.17,18,0,7.45,IR,1722810175
266,nosy varika,-20.5833,48.5333,17.82,90,8,2.25,MG,1722810175
267,la passe,45.5549,-0.8967,20.55,90,0,3.22,FR,1722810175
268,manado,1.487,124.8455,24.43,94,20,0.51,ID,1722810175
269,menominee,45.1078,-87.6143,27.03,61,0,4.63,US,1722810175
270,thinadhoo,0.5333,72.9333,28.54,75,100,4.46,MV,1722810176
271,nizhniy kuranakh,58.8353,125.4869,14.16,98,100,1.02,RU,1722810176
272,uturoa,-16.7333,-151.4333,24.55,71,3,7.71,PF,1722810176
273,georgetown,5.4112,100.3354,26.96,83,20,0.0,MY,1722810176
274,kingscliff,-28.2667,153.5667,15.43,88,75,1.03,AU,1722810176
275,lubang,13.8584,120.124,28.21,78,100,6.81,PH,1722810176
276,lycksele,64.5954,18.6735,13.93,94,40,0.0,SE,1722810177
277,crane,31.3974,-102.3501,36.67,20,35,3.79,US,1722810177
278,newman,37.3138,-121.0208,38.88,12,0,1.36,US,1722810107
279,katabu,-4.9333,122.5167,23.28,91,62,1.35,ID,1722810177
280,ust-nera,64.5667,143.2,13.36,65,24,1.76,RU,1722810177
281,sitka,57.0531,-135.33,23.94,50,0,2.57,US,1722810058
282,nova xavantina,-14.6667,-52.35,25.81,32,0,1.55,BR,1722810177
283,kigali,-1.95,30.0588,20.71,43,20,1.54,RW,1722809886
284,kangding,30.0513,101.9603,14.15,89,6,2.63,CN,1722810178
285,dudinka,69.4058,86.1778,5.78,69,0,6.55,RU,1722810178
286,greytown,-29.0642,30.5928,12.11,87,100,2.7,ZA,1722810178
287,teguise,29.0605,-13.564,21.12,73,20,7.2,ES,1722810178
288,rongelap,11.1635,166.8941,28.54,79,50,4.96,MH,1722810178
289,kampene,-3.6,26.6667,24.88,35,58,0.44,CD,1722810178
290,castillos,-34.1667,-53.8333,9.9,80,100,2.21,UY,1722810179
291,qaqortoq,60.7167,-46.0333,7.54,76,0,2.26,GL,1722809977
292,lata,40.1629,-8.3327,17.82,95,0,1.27,PT,1722810179
293,rantepao,-2.9701,119.8978,17.32,97,39,1.02,ID,1722810179
294,salekhard,66.53,66.6019,9.4,62,100,10.01,RU,1722810179
295,gamba,-2.65,10.0,21.32,78,90,2.5,GA,1722810179
296,ust'-kut,56.7938,105.7672,13.11,96,59,1.5,RU,1722810180
297,camana,-16.6228,-72.7111,15.87,81,47,3.28,PE,1722810180
298,linqiong,30.4159,103.4609,24.9,91,0,0.52,CN,1722810180
299,kununurra,-15.7667,128.7333,15.99,94,2,0.0,AU,1722810180
300,meadow lake,34.8014,-106.5436,35.81,23,100,3.54,US,1722810180
301,vasil'yevo,55.836,48.6582,19.37,88,100,4.27,RU,1722810181
302,buritizeiro,-17.3511,-44.9622,24.0,36,8,1.32,BR,1722810181
303,egersund,58.4513,5.9997,12.83,84,0,4.45,NO,1722810181
304,wayne,42.2506,-83.2833,31.68,58,75,5.14,US,1722810182
305,lockwood,45.8191,-108.4149,31.94,38,100,4.12,US,1722810182
306,muana,-1.5283,-49.2167,27.33,53,9,1.8,BR,1722810182
307,ola,59.5833,151.2833,14.1,79,17,1.01,RU,1722810182
308,skelleftea,64.7507,20.9528,15.56,100,16,1.54,SE,1722810182
309,kruisfontein,-34.0033,24.7314,9.38,63,87,7.09,ZA,1722810182
310,aykhal,66.0,111.5,16.19,52,57,3.17,RU,1722810183
311,white hall,34.274,-92.091,33.84,60,20,4.12,US,1722810183
312,chernyshevsk,52.5243,117.0174,13.59,91,99,1.32,RU,1722810183
313,hell-ville,-13.4,48.2667,23.69,63,11,2.37,MG,1722810183
314,chul'man,56.8479,124.9104,12.49,99,100,0.82,RU,1722810183
315,richards bay,-28.783,32.0377,19.93,68,25,8.67,ZA,1722809984
316,banda aceh,5.5577,95.3222,26.77,81,100,5.13,ID,1722810183
317,tsiombe,-25.3,45.4833,16.34,93,0,2.18,MG,1722810184
318,mata-utu,-13.2816,-176.1745,26.9,72,59,4.08,WF,1722810184
319,tabou,4.423,-7.3528,24.36,84,94,2.27,CI,1722810085
320,pangai,-19.8,-174.35,24.06,83,75,2.57,TO,1722810184
321,carutapera,-1.195,-46.02,26.01,77,53,3.89,BR,1722810184
322,al marj,32.488,20.8317,24.3,65,0,2.57,LY,1722810184
323,yarmouth,41.7057,-70.2286,26.75,86,100,9.26,US,1722810185
324,lesnoy,57.6198,63.0784,13.72,96,50,2.06,RU,1722810185
325,juan griego,11.0817,-63.9655,36.07,49,99,7.2,VE,1722810185
326,baker city,44.7749,-117.8344,33.84,26,0,0.0,US,1722810185
327,vuktyl,63.8567,57.3094,15.46,82,87,3.58,RU,1722810185
328,port hedland,-20.3167,118.5667,13.03,82,0,3.09,AU,1722810185
329,villa gesell,-37.2639,-56.973,9.47,57,75,3.6,AR,1722810083
330,rolla,37.9514,-91.7713,34.28,46,0,2.06,US,1722810186
331,aral,40.5156,81.2636,25.96,38,59,2.69,CN,1722810186
332,xinyuan,37.3,99.0,5.62,91,1,1.72,CN,1722810186
333,ulsteinvik,62.3432,5.8487,15.17,91,100,1.22,NO,1722810186
334,hilo,19.7297,-155.09,27.83,81,100,2.24,US,1722810186
335,luwuk,-0.9516,122.7875,21.8,90,72,2.12,ID,1722810082
336,kayenta,36.7278,-110.2546,33.61,17,41,5.13,US,1722810187
337,at taj,24.2049,23.2857,28.48,18,6,4.66,LY,1722810187
338,nelson bay,-32.7167,152.15,12.28,95,100,0.89,AU,1722810187
339,oranjemund,-28.55,16.4333,11.25,80,3,3.31,NA,1722809918
340,nallihan,40.1859,31.3518,20.31,64,9,2.58,TR,1722810187
341,queenstown,-31.8976,26.8753,7.9,77,100,2.43,ZA,1722810187
342,guiuan,11.0333,125.7247,28.21,77,100,7.35,PH,1722810188
343,beyneu,45.3167,55.2,29.94,29,66,2.57,KZ,1722810188
344,mahanoro,-19.9,48.8,17.53,88,8,2.06,MG,1722810188
345,san matias,-16.3667,-58.4,33.01,22,30,2.78,BO,1722810188
346,utrik,11.2278,169.8474,28.42,79,46,6.53,MH,1722810188
347,yasinya,48.2794,24.3604,11.81,92,38,0.19,UA,1722810189
348,port lincoln,-34.7333,135.8667,10.81,80,87,1.36,AU,1722810189
349,tailai,46.3833,123.4,22.41,96,90,2.85,CN,1722810189
350,shirvan,39.9509,48.8994,26.39,65,0,1.06,AZ,1722810189
351,nema,57.5067,50.5011,17.44,79,100,2.1,RU,1722810189
352,westport,41.1415,-73.3579,25.1,87,47,4.47,US,1722810002
353,ad darb,17.7229,42.2526,31.16,71,100,5.65,SA,1722810190
354,balabac,7.9868,117.0645,26.83,81,100,2.12,PH,1722810190
355,nchelenge,-9.3451,28.734,19.16,34,0,1.88,ZM,1722810190
356,kidatu,-7.6992,36.9572,19.16,68,0,0.76,TZ,1722810190
357,waingapu,-9.6567,120.2641,23.69,82,60,3.99,ID,1722810190
358,kingston,17.997,-76.7936,31.53,74,20,8.75,JM,1722810115
359,selfoss,63.9331,-20.9971,11.14,87,100,10.07,IS,1722810191
360,la'ie,21.6477,-157.9253,30.98,71,42,4.02,US,1722810191
361,khrystynivka,48.8249,29.9681,15.38,70,33,3.47,UA,1722810191
362,floro,61.5996,5.0328,14.98,82,100,2.06,NO,1722810112
363,hays,30.0502,-98.0336,35.86,50,76,3.44,US,1722810191
364,eyl,7.9803,49.8164,24.73,79,59,10.14,SO,1722810192
365,vakarai,55.6035,23.8213,16.29,81,62,0.77,LT,1722810192
366,barclayville,4.6797,-8.2339,23.26,86,95,1.52,LR,1722810192
367,touros,-5.1989,-35.4608,24.24,77,3,6.29,BR,1722810192
368,mingguang,32.7802,117.9638,27.72,66,0,1.65,CN,1722810192
369,altai,46.3722,96.2583,14.19,43,7,0.81,MN,1722810192
370,robertsport,6.7533,-11.3686,25.31,84,100,3.7,LR,1722810193
371,murrhardt,48.9819,9.5705,19.27,92,88,1.19,DE,1722810193
372,hadibu,12.65,54.0333,25.76,81,97,9.0,YE,1722810126
373,lewistown,40.5992,-77.5714,31.6,76,0,3.69,US,1722810193
374,greymouth,-42.4667,171.2,6.39,87,100,2.91,NZ,1722810193
375,hasaki,35.7333,140.8333,28.22,81,2,1.12,JP,1722810193
376,guerrero negro,27.9769,-114.0611,26.48,55,23,7.15,MX,1722810193
377,urengoy,65.9667,78.3667,11.74,58,100,7.05,RU,1722810194
378,camiri,-20.05,-63.5167,24.45,51,20,2.25,BO,1722810194
379,agat village,13.3886,144.6585,27.06,88,40,2.57,GU,1722810194
380,saynshand,44.8824,110.1163,21.62,41,1,2.97,MN,1722810194
381,yerofey pavlovich,53.9667,121.9667,15.79,99,100,1.14,RU,1722810194
382,lagunillas,10.1301,-71.2595,31.24,65,0,3.94,VE,1722810194
383,daru,-9.0763,143.2092,24.17,89,100,6.05,PG,1722810194
384,saint-pierre,-21.3393,55.4781,17.82,63,20,3.6,RE,1722810195
385,praia da vitoria,38.7333,-27.0667,26.14,78,20,2.96,PT,1722810195
386,mejit,10.2753,170.8646,28.5,79,13,6.33,MH,1722810195
387,chhor,25.5167,69.7667,28.64,83,58,3.92,PK,1722810195
388,shengli,37.4564,118.4856,25.71,93,100,1.98,CN,1722810195
389,cockburn town,21.4612,-71.1419,28.26,84,98,9.23,TC,1722809908
390,dongola,19.1667,30.4833,34.43,45,84,6.52,SD,1722810196
391,sarupathar,26.1984,93.8094,24.79,98,100,1.22,IN,1722810196
392,kralendijk,12.15,-68.2667,30.99,70,20,6.69,BQ,1722810196
393,lorengau,-2.0226,147.2712,27.58,79,100,3.18,PG,1722810196
394,st. john's,47.5649,-52.7093,22.38,96,100,6.17,CA,1722810196
395,makassar,-5.14,119.4221,20.03,83,20,1.03,ID,1722809828
396,khovd,48.0056,91.6419,19.34,36,0,1.31,MN,1722810196
397,olyokminsk,60.3736,120.4264,15.09,98,100,2.35,RU,1722810197
398,sinabang,2.4803,96.3801,25.8,84,99,1.73,ID,1722810197
399,beau vallon,-20.4189,57.6953,19.01,88,40,2.06,MU,1722810197
400,gizo,-8.103,156.8419,26.63,81,100,1.18,SB,1722810197
401,ouesso,1.6136,16.0517,21.65,94,82,1.27,CG,1722810197
402,faya-largeau,17.9257,19.1043,31.7,52,93,5.09,TD,1722810198
403,guarapari,-20.6667,-40.4975,21.05,85,1,4.11,BR,1722810198
404,beneditinos,-5.45,-42.3667,27.73,31,0,1.03,BR,1722810198
405,mangrol,21.1167,70.1167,27.33,88,100,8.32,IN,1722810198
406,vilyuysk,63.7553,121.6247,15.1,57,95,2.82,RU,1722809907
407,manokwari,-0.8667,134.0833,24.18,95,100,2.32,ID,1722810198
408,tadine,-21.55,167.8833,21.24,59,67,6.58,NC,1722810198
409,stantsiya novyy afon,43.0806,40.8383,23.19,87,0,2.08,GE,1722810199
410,garachico,28.7781,-17.7646,22.49,78,20,6.17,ES,1722810199
411,tofol,5.3248,163.0078,29.88,74,75,3.09,FM,1722810199
412,nizhneudinsk,54.9076,99.0276,11.44,90,0,0.8,RU,1722810199
413,karatsu,33.4425,129.9697,30.94,84,94,0.7,JP,1722810199
414,ra-ngae,6.2968,101.7284,26.18,96,100,1.94,TH,1722810199
415,manay,7.215,126.5397,24.17,85,100,2.09,PH,1722810200
416,benguela,-12.5763,13.4055,19.7,83,100,1.95,AO,1722810200
417,devils lake,48.1128,-98.8651,21.99,53,20,4.12,US,1722810200
418,kyshtovka,56.555,76.6271,16.24,95,96,2.57,RU,1722810132
419,brookings,44.3114,-96.7984,23.19,82,0,5.66,US,1722810200
420,dolisie,-4.1997,12.6739,19.36,79,71,2.7,CG,1722810200
421,vila velha,-20.3297,-40.2925,21.97,98,40,1.54,BR,1722810201
422,yanam,16.7333,82.2167,26.03,90,65,1.43,IN,1722810201
423,lebu,-37.6167,-73.65,9.71,90,100,11.58,CL,1722810201
424,tudela,42.0617,-1.6045,25.5,51,0,5.04,ES,1722810201
425,ulanhot,46.0833,122.0833,21.9,88,100,1.58,CN,1722810201
426,alofi,-19.0595,-169.9187,26.94,78,75,4.12,NU,1722810106
427,simpang,-1.2667,104.0833,22.63,98,96,0.93,ID,1722810201
428,raja,8.4596,25.678,21.16,96,91,2.12,SS,1722810201
429,galliano,29.4422,-90.2992,32.0,62,0,1.54,US,1722810202
430,saldanha,-33.0117,17.9442,4.03,54,33,1.91,ZA,1722810202
431,balkh,36.75,67.0,30.88,14,0,4.36,AF,1722810202
432,slutsk,53.0274,27.5597,18.2,66,100,0.67,BY,1722810202
433,shimanovsk,52.0,127.7,19.2,99,100,6.18,RU,1722810202
434,dolinsk,47.35,142.8,12.9,98,100,4.34,RU,1722810202
435,cooper's town,26.8667,-77.5167,29.07,79,37,7.87,BS,1722810202
436,aginskoye,51.1,114.53,14.43,83,0,1.7,RU,1722810203
437,polyarnyy,69.1989,33.4478,8.06,88,2,0.84,RU,1722810203
438,sint michiel liber,12.15,-68.9833,30.94,79,20,4.12,CW,1722810203
439,novoanninskiy,50.5287,42.6747,23.09,62,100,1.33,RU,1722810203
440,megion,61.0296,76.1136,17.01,92,100,0.87,RU,1722810203
441,bongor,10.2806,15.3722,22.35,86,100,2.27,TD,1722810203
442,midar,34.9403,-3.5331,22.65,50,0,0.63,MA,1722810204
443,cogealac,44.55,28.5667,19.02,62,52,3.68,RO,1722810204
444,chonchi,-42.6128,-73.8092,8.56,97,100,1.73,CL,1722810204
445,palikir - national government center,6.9248,158.1611,30.41,100,40,2.57,FM,1722810204
446,st. paul,44.9444,-93.0933,29.12,67,20,4.12,US,1722809714
447,puerto san jose,13.9256,-90.8244,28.63,76,70,4.04,GT,1722810204
448,ozherel'ye,54.7961,38.2672,13.68,92,0,3.03,RU,1722810205
449,arkhangel'sk,64.5401,40.5433,11.06,100,20,2.0,RU,1722810205
450,ishigaki,24.3448,124.1572,27.07,94,19,2.06,JP,1722810205
451,arraial do cabo,-22.9661,-42.0278,21.98,94,0,6.69,BR,1722809925
452,aswan,24.0934,32.907,36.61,21,89,2.06,EG,1722809881
453,mar del plata,-38.0023,-57.5575,11.08,75,0,5.81,AR,1722809915
454,pipraich,26.8264,83.53,27.79,83,100,2.26,IN,1722810206
455,formosa do rio preto,-11.0483,-45.1931,22.79,29,0,2.11,BR,1722810206
456,tanout,14.9709,8.8879,25.44,72,82,4.68,NE,1722810206
457,tam ky,15.5667,108.4833,23.98,90,31,1.76,VN,1722809951
458,kyosai,34.8503,128.5886,26.98,88,6,2.57,KR,1722810206
459,indramayu,-6.3264,108.32,23.87,77,6,3.15,ID,1722810206
460,lospalos,-8.5186,127.0025,20.38,89,100,2.5,TL,1722810206
461,happy valley-goose bay,53.3168,-60.3315,26.17,41,75,3.6,CA,1722810206
462,fale old settlement,-9.3852,-171.2468,27.69,81,87,7.03,TK,1722810207
463,odesskoye,54.2111,72.9651,14.68,91,20,3.16,RU,1722810207
464,kavaratti,10.5669,72.642,27.93,81,60,5.01,IN,1722810207
465,weno,7.4515,151.8468,29.97,84,75,2.57,FM,1722810207
466,balikpapan,-1.2675,116.8289,24.55,94,40,2.57,ID,1722810207
467,birzebbuga,35.8258,14.5269,26.75,89,20,2.06,MT,1722810207
468,fort-shevchenko,44.5086,50.263,28.1,49,0,5.17,KZ,1722810207
469,myeik,12.4333,98.6,26.0,84,100,1.09,MM,1722810208
470,auki,-8.7676,160.7034,24.14,95,100,1.45,SB,1722810208
471,lethem,3.3803,-59.7968,26.41,83,100,2.35,GY,1722810208
472,zahedan,29.4963,60.8629,30.95,14,0,3.09,IR,1722810208
473,quesnel,52.9999,-122.5029,29.28,28,0,4.63,CA,1722810208
474,elk city,35.412,-99.4043,35.99,28,0,3.09,US,1722810188
475,kupang,-10.1667,123.5833,24.32,83,20,3.09,ID,1722810209
476,tenenkou,14.4572,-4.9169,28.36,67,95,4.77,ML,1722810209
477,rosario del tala,-32.3029,-59.1455,13.57,51,64,4.3,AR,1722810209
478,plymouth,41.8334,-70.8328,27.13,82,97,4.57,US,1722809695
479,ribas do rio pardo,-20.4431,-53.7592,26.68,27,21,0.99,BR,1722810210
480,novo aripuana,-5.1206,-60.3797,33.09,32,70,0.92,BR,1722810210
481,angaur state,6.906,134.13,28.65,74,97,5.01,PW,1722810211
482,antofagasta,-23.65,-70.4,14.6,88,47,2.62,CL,1722810211
483,shingu,33.7333,135.9833,26.97,87,1,0.58,JP,1722810211
484,markovo,57.3206,107.0881,14.01,81,94,1.55,RU,1722810211
485,kemijarvi,66.7131,27.4306,12.26,76,12,0.98,FI,1722810211
486,kidal,18.4411,1.4078,32.07,42,100,4.27,ML,1722810211
487,bereeda,11.8704,51.0579,29.7,64,44,2.66,SO,1722810211
488,ratnagiri,16.9833,73.3,26.23,88,100,5.9,IN,1722810212
489,tarko-sale,64.9225,77.785,15.33,67,100,8.73,RU,1722810212
490,campos belos,-13.0367,-46.7717,23.6,23,0,1.99,BR,1722810212
491,howard springs,-12.497,131.047,21.95,99,90,2.72,AU,1722810212
492,tazovsky,67.4667,78.7,6.58,75,97,4.98,RU,1722810212
493,beledweyne,4.7358,45.2036,23.51,68,99,9.05,SO,1722810212
494,darwin,-12.4611,130.8418,21.99,88,40,3.09,AU,1722810213
495,vigan,17.5747,120.3869,26.34,87,95,1.76,PH,1722810213
496,namdrik,5.5994,168.1028,28.58,74,88,4.56,MH,1722810213
497,yeed,4.55,43.0333,24.13,61,85,8.89,SO,1722810215
498,sao lourenco do sul,-31.3653,-51.9783,12.61,96,100,6.62,BR,1722810215
499,soure,-0.7167,-48.5233,26.01,78,10,5.36,BR,1722810215
500,santa ana de yacuma,-13.75,-65.4333,32.97,49,40,1.54,BO,1722810215
501,lagos,6.5833,3.75,27.18,85,89,2.12,NG,1722810167
502,mount pearl,47.5166,-52.7813,21.92,96,100,6.17,CA,1722810215
503,coyhaique,-45.5752,-72.0662,4.34,98,99,0.25,CL,1722810215
504,east london,-33.0153,27.9116,13.86,55,76,9.96,ZA,1722810216
505,bhag,29.0415,67.8239,33.36,57,45,0.52,PK,1722810216
506,muravlenko,63.7898,74.523,16.92,96,100,5.33,RU,1722810216
507,marolambo,-20.05,48.1167,12.91,91,0,1.03,MG,1722810216
508,darovskoy,58.77,47.9564,13.88,97,16,1.97,RU,1722810216
509,port douglas,-16.4833,145.4667,21.68,81,76,5.63,AU,1722810216
510,remire-montjoly,4.9167,-52.2667,28.02,83,0,2.57,GF,1722810216
511,prince george,53.9166,-122.753,23.49,49,0,7.2,CA,1722810217
512,sayat,38.7839,63.8803,28.93,19,0,5.68,TM,1722810217
513,gridley,39.3638,-121.6936,39.01,20,0,2.57,US,1722810217
514,dhuusamarreeb,5.535,46.3861,23.52,67,90,9.34,SO,1722810217
515,fallon,39.4735,-118.7774,33.93,31,20,2.57,US,1722810217
516,fort st. john,56.2499,-120.8529,11.94,94,75,4.12,CA,1722810217
517,naantali,60.4674,22.0243,15.23,99,0,0.51,FI,1722810218
518,acarau,-2.8856,-40.12,25.08,81,2,7.21,BR,1722810218
519,moires,35.0532,24.8744,26.73,50,0,0.89,GR,1722810218
520,sofifi,0.7349,127.576,25.74,84,100,0.44,ID,1722810218
521,pangody,65.85,74.4859,12.34,64,96,7.38,RU,1722810218
522,ginir,7.1333,40.7,17.87,69,99,2.49,ET,1722810218
523,sisimiut,66.9395,-53.6735,9.51,72,88,2.51,GL,1722810218
524,port pirie,-33.1833,138.0167,10.8,75,100,1.59,AU,1722810219
525,maumere,-8.6199,122.2111,23.15,86,46,1.48,ID,1722810219
526,abengourou,6.7297,-3.4964,22.94,87,100,1.35,CI,1722810219
527,tual,-5.6667,132.75,25.28,86,87,8.76,ID,1722810219
528,beregovoy,55.173,73.2198,15.03,94,66,2.85,RU,1722810219
529,houghton,47.1219,-88.569,22.24,47,77,0.89,US,1722809931
530,magadan,59.5667,150.8,14.52,76,15,1.6,RU,1722810016
531,puerto ayacucho,5.6639,-67.6236,27.64,84,99,1.31,VE,1722810142
532,porto novo,6.4965,2.6036,24.9,78,92,3.33,BJ,1722810220
533,vanino,49.0869,140.2543,15.18,65,48,1.32,RU,1722810220
534,jalai nur,49.45,117.7,16.86,86,99,4.59,CN,1722810220
535,fisterra,42.9049,-9.2629,20.57,92,0,5.23,ES,1722810221
536,kovdor,67.5662,30.4758,10.92,80,79,0.91,RU,1722810221
537,nantucket,41.2835,-70.0995,26.06,95,84,10.85,US,1722810125
538,huanggang,23.677,116.9996,25.94,88,100,0.95,CN,1722810221
539,kailua-kona,19.6406,-155.9956,28.49,75,40,3.6,US,1722810143
540,nikolayevsk-on-amure,53.1406,140.73,14.09,60,98,2.06,RU,1722810221
541,minas de marcona,-15.2119,-75.1103,13.99,69,0,6.91,PE,1722810221
542,tazacorte,28.629,-17.9293,23.97,89,20,6.17,ES,1722810222
543,alo,6.5486,4.2686,24.57,86,74,3.18,NG,1722810222
